<?xml version="1.0" encoding="utf-8"?>
<AxClass xmlns:i="http://www.w3.org/2001/XMLSchema-instance">
	<Name>DDMController</Name>
	<SourceCode>
		<Declaration>
			<![CDATA[
public class DDMController extends RunBase
{
    DialogField     dialogAOTTables;
    DialogField     dialogFieldNames;
    DialogField     dialogTechniques;
    TableName       tableName, tableSelection;
    FieldName       fieldName;
    Boolean         isModified; // Added new member variable
    DDMTechniques   techniques;
    DialogGroup     tableGroup;
    DialogGroup     techniqueGroup;
    CompanyBankAccountId beforeApplyTechnique;
}
]]>
		</Declaration>
		<Methods>
			<!-- Added comment -->
			<!-- Dialog method modification -->
			<Method>
				<Name>dialog</Name>
				<Source>
					<![CDATA[
    public Object dialog()
    {
        DialogRunbase dialog = super();

        tableGroup = dialog.addGroup("Data masking table and field selection"); 

        dialogAOTTables = dialog.addField(extendedTypeStr(Name), fieldName, "AOT field names");
        dialogAOTTables.fieldControl().mandatory(true);
        dialogFieldNames = dialog.addField(extendedTypeStr(Name), fieldName, "AOT field names");
        dialogFieldNames.fieldControl().mandatory(true);
        
        techniqueGroup = dialog.addGroup("Data masking techniques");

        dialogTechniques = dialog.addField(enumstr(DDMTechniques),'Techniques');

        dialogAOTTables.registerOverrideMethod(
            methodStr(FormStringControl, lookup),
            methodStr(DDMController, onAOTTableLookup),
            this);

        dialogAOTTables.registerOverrideMethod(
                methodStr(FormStringControl, modified),
                methodStr(DDMController, modifiedTableSelection),
            this);

        dialogFieldNames.registerOverrideMethod(
            methodStr(FormStringControl, lookup),
            methodStr(DDMController, onTablefieldLookup),
            this);
               
        return dialog;
    }

]]>
				</Source>
			</Method>
			<Method>
				<Name>run</Name>
				<Source>
					<![CDATA[
    // Override the run method to handle any logic when the dialog is submitted
    public void run()
    //Dummy
    {
        CompanyBankAccountId    bankAccountId;
        BankAccountTable        bankAccountTable;

        if (fieldName)
        {
            ttsbegin;
            bankAccountId = this.applyScramblingTechnique();

            select forupdate bankAccountTable
                where bankAccountTable.AccountID == 'DDMTACC';

            if (bankAccountTable)
            {
                bankAccountTable.AccountID = bankAccountId;

                bankAccountTable.doUpdate();
            }

            ttscommit;
        }
    }

]]>
				</Source>
			</Method>
			<Method>
				<Name>onAOTTableLookup</Name>
				<Source>
					<![CDATA[
    public void onAOTTableLookup(FormControl _formControl)
    {
        
        SysTableLookup  sysLookup = SysTableLookup::newParameters(tableNum(SysMetaTableNameLookup), _formControl);
        sysLookup.addLookupfield(fieldNum(SysMetaTableNameLookup, Name));
            
        sysLookup.performFormLookup();
    }

]]>
				</Source>
			</Method>
			<Method>
				<Name>onTablefieldLookup</Name>
				<Source>
					<![CDATA[
    public void onTablefieldLookup(FormControl _formControl)
    {
        SysMetaTableMemberNameLookup::lookupFieldsInTable(tableSelection, _formControl);
    }

]]>
				</Source>
			</Method>
			<Method>
				<Name>main</Name>
				<Source>
					<![CDATA[
    public static void main(Args args)
    {
        DDMController controller = new DDMController();
    
        if (controller.prompt())
        {
            controller.run();
        }
    }

]]>
				</Source>
			</Method>
			<Method>
				<Name>modifiedTableSelection</Name>
				<Source>
					<![CDATA[
    public boolean modifiedTableSelection(FormstringControl _formControl)
    {
        boolean ret = _formControl.modified();
        if (ret)
        {
            tableSelection = dialogAOTTables.value();
        }
        return ret;
    }

]]>
				</Source>
			</Method>
			<Method>
				<Name>getFromDialog</Name>
				<Source>
					<![CDATA[
    public boolean getFromDialog()
    {
        tableName = dialogAOTTables.value();
        fieldName = dialogFieldNames.value();
        techniques = dialogTechniques.value();
    
        return super();
    }

]]>
				</Source>
			</Method>
			<Method>
				<Name>applyScramblingTechnique</Name>
				<Source>
					<![CDATA[
    public FieldValue applyScramblingTechnique()
    {
        BankAccountTable backAccountTable;
        System.Random random = new System.Random();
        str text = "DDMTACC";
        int length = strLen(text);
        str scrambledText = "";

        for (int i = 1; i < length; i++)
        {
            int randomIndex = random.Next(length);
            str char = substr(text, i, 1);
            str randomChar = substr(text, randomIndex, 1);

            text = strReplace(text, char, randomChar);
            text = strReplace(text, randomChar, char);
        }
        return  text;

    }

]]>
				</Source>
			</Method>
		</Methods>
	</SourceCode>
</AxClass>
