<?xml version="1.0" encoding="utf-8"?>
<AxClass xmlns:i="http://www.w3.org/2001/XMLSchema-instance">
	<Name>RunnableClass1</Name>
	<SourceCode>
		<Declaration><![CDATA[
internal final class RunnableClass1
{
}
]]></Declaration>
		<Methods>
			<Method>
				<Name>main</Name>
				<Source><![CDATA[
    /// <summary>
    /// Class entry point. The system will call this method when a designated menu 
    ///Git
    /// is selected or when execution starts and this class is set as the startup class.
    /// </summary>
    /// <param name = "_args">The specified arguments.</param>
    public static void main(Args _args)
    {
        System.Random random = new System.Random();
        str text = "bnk001";
        int length = strLen(text);
        str scrambledText = "";

        for (int i = 1; i < length; i++)
        {
            int randomIndex = random.Next(length);
            str char = substr(text, i, 1);
            str randomChar = substr(text, randomIndex, 1);

            text = strReplace(text, char, randomChar);
            text = strReplace(text, randomChar, char);
        }

        info("Scrambled text: " + text);
    }

]]></Source>
			</Method>
		</Methods>
	</SourceCode>
</AxClass>