<?xml version="1.0" encoding="utf-8"?>
<z:anyType xmlns:i="http://www.w3.org/2001/XMLSchema-instance" xmlns="" i:type="AxCompilerMetadata" xmlns:z="http://schemas.microsoft.com/2003/10/Serialization/">
    <Extends>RunBase</Extends>
    <IsPublic>true</IsPublic>
    <Members>
        <AxClassMemberVariable>
            <Type>Class</Type>
            <TypeName>DialogField</TypeName>
            <Name>dialogAOTTables</Name>
            <Attributes />
        </AxClassMemberVariable>
        <AxClassMemberVariable>
            <Type>Class</Type>
            <TypeName>DialogField</TypeName>
            <Name>dialogFieldNames</Name>
            <Attributes />
        </AxClassMemberVariable>
        <AxClassMemberVariable>
            <Type>Class</Type>
            <TypeName>DialogField</TypeName>
            <Name>dialogTechniques</Name>
            <Attributes />
        </AxClassMemberVariable>
        <!-- Additional member variable -->
        <AxClassMemberVariable>
            <Type>ExtendedDataType</Type>
            <TypeName>Boolean</TypeName>
            <Name>isModified</Name>
            <Attributes />
        </AxClassMemberVariable>
        <AxClassMemberVariable>
            <Type>ExtendedDataType</Type>
            <TypeName>TableName</TypeName>
            <Name>tableName</Name>
            <Attributes />
        </AxClassMemberVariable>
        <AxClassMemberVariable>
            <Type>ExtendedDataType</Type>
            <TypeName>TableName</TypeName>
            <Name>tableSelection</Name>
            <Attributes />
        </AxClassMemberVariable>
        <AxClassMemberVariable>
            <Type>ExtendedDataType</Type>
            <TypeName>FieldName</TypeName>
            <Name>fieldName</Name>
            <Attributes />
        </AxClassMemberVariable>
        <AxClassMemberVariable>
            <Type>Enum</Type>
            <TypeName>DDMTechniques</TypeName>
            <Name>techniques</Name>
            <Attributes />
        </AxClassMemberVariable>
        <AxClassMemberVariable>
            <Type>Class</Type>
            <TypeName>DialogGroup</TypeName>
            <Name>tableGroup</Name>
            <Attributes />
        </AxClassMemberVariable>
        <AxClassMemberVariable>
            <Type>Class</Type>
            <TypeName>DialogGroup</TypeName>
            <Name>techniqueGroup</Name>
            <Attributes />
        </AxClassMemberVariable>
        <AxClassMemberVariable>
            <Type>ExtendedDataType</Type>
            <TypeName>CompanyBankAccountId</TypeName>
            <Name>beforeApplyTechnique</Name>
            <Attributes />
        </AxClassMemberVariable>
    </Members>
    <Methods>
        <!-- Modified method -->
        <Method>
            <Name>dialog</Name>
            <Visibility>Protected</Visibility>
            <ReturnType>
                <Type>Class</Type>
                <TypeName>Object</TypeName>
            </ReturnType>
        </Method>
        <Method>
            <Name>run</Name>
            <Visibility>Public</Visibility>
            <ReturnType>
                <TypeName></TypeName>
            </ReturnType>
        </Method>
        <Method>
            <Name>onAOTTableLookup</Name>
            <Visibility>Public</Visibility>
            <Parameters>
                <AxMethodParameter>
                    <Type>Class</Type>
                    <TypeName>FormControl</TypeName>
                    <Name>_formControl</Name>
                </AxMethodParameter>
            </Parameters>
            <ReturnType>
                <TypeName></TypeName>
            </ReturnType>
        </Method>
        <Method>
            <Name>onTablefieldLookup</Name>
            <Visibility>Public</Visibility>
            <Parameters>
                <AxMethodParameter>
                    <Type>Class</Type>
                    <TypeName>FormControl</TypeName>
                    <Name>_formControl</Name>
                </AxMethodParameter>
            </Parameters>
            <ReturnType>
                <TypeName></TypeName>
            </ReturnType>
        </Method>
        <Method>
            <Name>main</Name>
            <IsStatic>true</IsStatic>
            <Visibility>Public</Visibility>
            <Parameters>
                <AxMethodParameter>
                    <Type>Class</Type>
                    <TypeName>Args</TypeName>
                    <Name>args</Name>
                </AxMethodParameter>
            </Parameters>
            <ReturnType>
                <TypeName></TypeName>
            </ReturnType>
        </Method>
        <Method>
            <Name>modifiedTableSelection</Name>
            <Visibility>Public</Visibility>
            <Parameters>
                <AxMethodParameter>
                    <Type>Class</Type>
                    <TypeName>FormstringControl</TypeName>
                    <Name>_formControl</Name>
                </AxMethodParameter>
            </Parameters>
            <ReturnType>
                <Type>Enum</Type>
                <TypeName>boolean</TypeName>
            </ReturnType>
        </Method>
        <Method>
            <Name>getFromDialog</Name>
            <Visibility>Public</Visibility>
            <ReturnType>
                <Type>Enum</Type>
                <TypeName>boolean</TypeName>
            </ReturnType>
        </Method>
        <Method>
            <Name>applyScramblingTechnique</Name>
            <Visibility>Public</Visibility>
            <ReturnType>
                <Type>ExtendedDataType</Type>
                <TypeName>FieldValue</TypeName>
            </ReturnType>
        </Method>
    </Methods>
</z:anyType>
