<?xml version="1.0" encoding="utf-8"?>
<AxEnum xmlns:i="http://www.w3.org/2001/XMLSchema-instance">
	<Name>DDMTechniques</Name>
	<Label>Techniques</Label>
	<UseEnumValue>No</UseEnumValue>
	<EnumValues>
		<AxEnumValue>
			<Name>Scrambling</Name>
			<Label>Scrambling</Label>
		</AxEnumValue>
		<AxEnumValue>
			<Name>Shuffling</Name>
			<Label>Shuffling</Label>
			<Value>1</Value>
		</AxEnumValue>
		<AxEnumValue>
			<Name>Substitution</Name>
			<Label>Substitution</Label>
			<Value>2</Value>
		</AxEnumValue>
		<AxEnumValue>
			<Name>Variance</Name>
			<Label>Variance</Label>
			<Value>3</Value>
		</AxEnumValue>
		<AxEnumValue>
			<Name>MaskingOut</Name>
			<Label>Masking out</Label>
			<Value>4</Value>
		</AxEnumValue>
		<AxEnumValue>
			<Name>Nullifying</Name>
			<Label>Nullifying</Label>
			<Value>5</Value>
		</AxEnumValue>
	</EnumValues>
	<IsExtensible>true</IsExtensible>
</AxEnum>